26072,Kendrick Adams,DE,NYG
25813,Frank Alexander,DE,CAR
23985,Tyson Alualu,DE,JAC
26603,Armond Armstead,DE,NWE
8869,Cliff Avril,DE,SEA
24873,Allen Bailey,DE,KAN
26536,Ben Bass,DE,DAL
9568,Michael Bennett,DE,SEA
8931,Kroy Biermann,DE,ATL
27485,Marvin Booker,DE,TAM
24838,Da'Quan Bowers,DE,TAM
25748,Andre Branch,DE,JAC
26554,Keith Browner,DE,HOU
9545,Desmond Bryant,DE,CLE
26849,Michael Buchanan,DE,NWE
24047,Alex Carrington,DE,STL
24807,Adrian Clayborn,DE,TAM
25722,Fletcher Cox,DE,PHI
25791,Tyrone Crawford,DE,DAL
25769,Vinny Curry,DE,PHI
26085,Ryan Davis,DE,JAC
8551,Mike DeVito,DE,KAN
9110,Leger Douzable,DE,NYJ
26765,Lavar Edwards,DE,TEN
6876,Robert Geathers,DE,CIN
9123,Wallace Gilberry,DE,CIN
26750,Malliciah Goodman,DE,ATL
25020,Lawrence Guy,DE,SDG
24151,Greg Hardy,DE,CAR
8880,William Hayes,DE,STL
24818,Cameron Heyward,DE,PIT
9296,Ziggy Hood,DE,JAC
24019,Lamarr Houston,DE,CHI
25797,John Hughes,DE,CLE
7037,Israel Idonije,DE,CHI
25847,Malik Jackson,DE,DEN
9658,Tim Jamison,DE,HOU
8337,Charles Johnson,DE,CAR
24133,Arthur Jones,DE,IND
26649,Datone Jones,DE,GNB
24811,Cameron Jordan,DE,NOR
26862,David King,DE,CIN
24929,Karl Klug,DE,TEN
24129,Austen Lane,DE,CHI
24209,Sean Lissemore,DE,SDG
8779,Chris Long,DE,STL
9377,Vaughn Martin,DE,DET
25017,Cliff Matthews,DE,ATL
25729,Shea McClellin,DE,CHI
26770,Steven Means,DE,TAM
9320,Fili Moala,DE,IND
23991,Derrick Morgan,DE,TEN
26990,Spencer Nealy,DE,MIN
26409,Adewale Ojomo,DE,TEN
25041,Cheta Ozougwu,DE,CHI
27266,Will Pericak,DE,JAC
23990,Jason Pierre-Paul,DE,NYG
24801,Robert Quinn,DE,STL
6402,Cory Redding,DE,IND
25759,Kendall Reyes,DE,SDG
27406,Ryan Robinson,DE,OAK
27099,Craig Roh,DE,CAR
7840,Frostee Rucker,DE,ARI
25167,Damik Scafe,DE,SDG
25942,Greg Scruggs,DE,SEA
26297,Derrick Shelby,DE,MIA
6894,Antonio Smith,DE,OAK
25921,Scott Solomon,DE,TAM
26755,Devin Taylor,DE,DET
25510,Justin Trattou,DE,MIN
25946,DeAngelo Tyson,DE,BAL
25782,Olivier Vernon,DE,MIA
26054,Tyrunn Walker,DE,NOR
26811,Cornelius Washington,DE,CHI
25823,Kyle Wilber,DE,DAL
7750,Mario Williams,DE,BUF
7762,Kamerion Wimbley,DE,TEN
25746,Derek Wolfe,DE,DEN
24084,Corey Wootton,DE,MIN
25761,Jerel Worthy,DE,GNB
24189,Willie Young,DE,CHI
25147,Mario Addison,DE,CAR
6885,Jared Allen,DE,CHI
26628,Ziggy Ansah,DE,DET
26902,Brian Arnfelt,DE,PIT
6786,Jason Babin,DE,JAC
25258,Brandon Bair,DE,PHI
26856,David Bass,DE,CHI
25800,Jake Bequette,DE,NWE
26895,Kenneth Boatright,DE,SEA
8087,Stephen Bowen,DE,WAS
26790,Josh Boyd,DE,GNB
25404,Mason Brodine,DE,STL
26840,Armonty Bryant,DE,CLE
8901,Red Bryant,DE,JAC
8827,Calais Campbell,DE,ARI
26830,Mike Catapano,DE,KAN
6704,Chris Clemons,DE,JAC
25868,Jack Crawford,DE,OAK
25836,Jared Crick,DE,HOU
24125,Hall Davis,DE,DEN
7467,John Denney,DE,MIA
9108,Marcus Dixon,DE,TEN
24029,Carlos Dunlap,DE,CIN
26948,Glenn Foster,DE,NOR
26749,William Gholston,DE,TAM
7945,Kedric Golston,DE,WAS
24075,Everson Griffen,DE,MIN
26419,Dominique Hamilton,DE,KAN
7841,Jason Hatcher,DE,WAS
27021,Cam Henderson,DE,CLE
25799,Akiem Hicks,DE,NOR
27093,Wes Horton,DE,CAR
24006,Jerry Hughes,DE,BUF
26676,Margus Hunt,DE,CIN
26223,Ikponmwosa Igbinosun,DE,BUF
9267,Tyson Jackson,DE,ATL
24828,Jarvis Jenkins,DE,WAS
9334,Michael Johnson,DE,TAM
25731,Chandler Jones,DE,NWE
8831,Jason Jones,DE,DET
26626,Dion Jordan,DE,MIA
7781,Mathias Kiwanuka,DE,NYG
26835,Joe Kruger,DE,PHI
26823,Kapron Lewis-Moore,DE,BAL
24805,Corey Liuget,DE,SDG
26776,Stansly Maponga,DE,ATL
25874,Jonathan Massaquoi,DE,ATL
27413,Benson Mayowa,DE,SEA
24188,Chris McCoy,DE,OAK
7940,Jeremy Mincey,DE,DAL
26704,Damontre Moore,DE,NYG
24031,Mike Neal,DE,GNB
7884,Rob Ninkovich,DE,NWE
27252,Tristan Okpalaugo,DE,DAL
5888,Julius Peppers,DE,GNB
6857,Shaun Phillips,DE,TEN
9153,Ropati Pitoitua,DE,TEN
27442,Caesar Rayford,DE,DAL
25002,D'Aundre Reed,DE,JAC
27289,Gerald Rivers,DE,JAC
8356,Brian Robison,DE,MIN
8967,Ahtyba Rubin,DE,CLE
24716,Brian Sanford,DE,CLE
8946,Trevor Scott,DE,CHI
24202,George Selvie,DE,DAL
24165,Eugene Sims,DE,STL
26769,Quanterus Smith,DE,DEN
27056,Damion Square,DE,PHI
25048,Cedric Thornton,DE,PHI
7250,Justin Tuck,DE,OAK
6392,Osi Umenyiora,DE,ATL
9691,Cameron Wake,DE,MIA
7187,DeMarcus Ware,DE,DEN
24798,J.J. Watt,DE,HOU
24817,Muhammad Wilkerson,DE,NYJ
26846,Nick Williams,DE,PIT
25915,Billy Winn,DE,CLE
24098,Al Woods,DE,TEN
24217,Doug Worthington,DE,WAS
26892,John Youboty,DE,DEN
25427,Dan Bailey,K,DAL
26615,Brandon Bogotay,K,CLE
6558,Josh Brown,K,NYG
25871,Randy Bullock,K,HOU
8447,Mason Crosby,K,GNB
4269,Phil Dawson,K,SFO
5447,Jay Feely,K,ARI
25648,Kai Forbath,K,WAS
7867,Stephen Gostkowski,K,NWE
5854,Shayne Graham,K,NOR
24907,Alex Henery,K,PHI
26531,Danny Hrapmann,K,ARI
27120,Brandon McManus,K,NYG
7505,Nick Novak,K,SDG
25961,John Potter,K,DET
25503,Jake Rogers,K,WAS
27164,Quinn Sharp,K,CIN
9520,Ryan Succop,K,KAN
26264,Giorgio Tavecchio,K,DET
3727,Adam Vinatieri,K,IND
25997,Carson Wiggs,K,IND
9219,Connor Barth,K,TAM
27297,Maikon Bonani,K,TEN
6243,Matt Bryant,K,ATL
9032,Dan Carpenter,K,BUF
6154,Billy Cundiff,K,CLE
26384,Derek Dimke,K,NOR
8432,Nick Folk,K,NYJ
9526,Graham Gano,K,CAR
7520,Robbie Gould,K,CHI
9066,Steven Hauschka,K,SEA
26800,Dustin Hopkins,K,BUF
5046,Sebastian Janikowski,K,OAK
27506,Patrick Murray,K,TAM
7223,Mike Nugent,K,CIN
8565,Matt Prater,K,DEN
6896,Josh Scobee,K,JAC
26789,Caleb Sturgis,K,MIA
7527,Shaun Suisham,K,PIT
26534,Justin Tucker,K,BAL
25885,Blair Walsh,K,MIN
25881,Greg Zuerlein,K,STL
7389,Derek Anderson,QB,CAR
25483,McLeod Bethel-Thompson,QB,SFO
23976,Sam Bradford,QB,STL
27170,Tyler Bray,QB,KAN
7201,Jason Campbell,QB,CIN
7798,Kellen Clemens,QB,SDG
7760,Jay Cutler,QB,CHI
9678,Chase Daniel,QB,KAN
26346,Austin Davis,QB,STL
25323,Pat Devlin,QB,MIA
26857,Zac Dysert,QB,DEN
7426,Ryan Fitzpatrick,QB,hou
25798,Nick Foles,QB,PHI
26696,Mike Glennon,QB,TAM
26949,Ryan Griffin,QB,NOR
25963,Chandler Harnish,QB,ind
8834,Chad Henne,QB,JAC
9547,Brian Hoyer,QB,CLE
25046,Jerrod Johnson,QB,CHI
26738,Landry Jones,QB,PIT
24097,Mike Kafka,QB,TAM
26154,G.J. Kinne,QB,PHI
25895,Ryan Lindley,QB,ARI
25711,Andrew Luck,QB,IND
6760,Eli Manning,QB,NYG
26639,EJ Manuel,QB,BUF
6865,Luke McCown,QB,NOR
26399,Kellen Moore,QB,DET
26733,Ryan Nassib,QB,NYG
7282,Kyle Orton,QB,DAL
9465,Curtis Painter,QB,NYG
8459,Jordan Palmer,QB,CHI
25681,Terrelle PRYOR,QB,OAK
6763,Philip Rivers,QB,SDG
7200,Aaron Rodgers,QB,GNB
6624,Tony Romo,QB,DAL
9269,Mark Sanchez,QB,PHI
26977,Matt Scott,QB,JAC
7177,Alex Smith,QB,KAN
26844,Brad SORENSEN,QB,SDG
8297,Drew Stanton,QB,ARI
26025,Nick STEPHENS,QB,BAL
26547,Alex Tanney,QB,CLE
25171,Scott TOLZIEN,QB,GNB
5448,Michael Vick,QB,NYJ
25732,Brandon Weeden,QB,DAL
25785,Russell Wilson,QB,SEA
24939,T.J. Yates,QB,HOU
26721,Matt Barkley,QB,PHI
26463,Matt Blanchard,QB,CAR
5228,Tom Brady,QB,NWE
5479,Drew Brees,QB,NOR
7406,Matt Cassel,QB,MIN
25812,Kirk Cousins,QB,WAS
24822,Andy Dalton,QB,CIN
26860,B.J. Daniels,QB,SEA
26162,Dominique Davis,QB,ATL
8933,Dennis Dixon,QB,BUF
8346,Trent Edwards,QB,OAK
8795,Joe Flacco,QB,BAL
24797,Blaine Gabbert,QB,SFO
7943,Bruce Gradkowski,QB,PIT
25712,Robert Griffin III,QB,WAS
4416,Matt Hasselbeck,QB,IND
6169,Shaun Hill,QB,STL
7813,Tarvaris Jackson,QB,SEA
8937,Josh Johnson,QB,CIN
24823,Colin Kaepernick,QB,SFO
26483,Case Keenum,QB,HOU
24311,Thad Lewis,QB,BUF
24795,Jake Locker,QB,TEN
24861,Ryan Mallett,QB,NWE
4256,Peyton Manning,QB,DEN
5967,Josh McCown,QB,TAM
27429,Matt McGloin,QB,OAK
8544,Matt Moore,QB,MIA
24788,Cam Newton,QB,CAR
25767,Brock Osweiler,QB,DEN
6337,Carson Palmer,QB,ARI
24799,Christian Ponder,QB,MIN
26872,Sean Renfree,QB,ATL
24226,Zac Robinson,QB,CIN
6770,Ben Roethlisberger,QB,PIT
8780,Matt Ryan,QB,ATL
6849,Matt Schaub,QB,OAK
26317,Matt Simms,QB,NYJ
26662,Geno Smith,QB,NYJ
9265,Matthew Stafford,QB,DET
24922,Ricky Stanzi,QB,JAC
25718,Ryan Tannehill,QB,MIA
24967,Tyrod Taylor,QB,BAL
27019,Jeff Tuel,QB,BUF
24175,Joe Webb,QB,CAR
7830,Charlie Whitehurst,QB,TEN
26735,Tyler Wilson,QB,TEN
25964,Alvester Alexander,RB,PIT
26878,C.J. Anderson,RB,DEN
25960,Edwin Baker,RB,CLE
25880,Vick Ballard,RB,IND
26805,Kenjon Barner,RB,CAR
24262,Joique Bell,RB,DET
26660,Giovani Bernard,RB,CIN
26838,Tommy Bohanon,RB,NYJ
27314,Zach Boren,RB,SDG
25939,Bryce Brown,RB,PHI
26813,Rex Burkhead,RB,CIN
26024,Travaris Cadet,RB,NOR
27505,Willie Carter,RB,CHI
8850,Jamaal Charles,RB,KAN
24769,Tyler Clutts,RB,DAL
9098,Jed Collins,RB,DET
27148,Jamaine Cook,RB,CLE
27167,Benny Cunningham,RB,STL
27271,Alex Debniak,RB,SFO
24760,James Develin,RB,NWE
24149,Anthony Dixon,RB,BUF
24164,Jonathan Dwyer,RB,ARI
25867,Bradie Ewing,RB,JAC
9392,Tony Fiammetta,RB,CHI
8821,Matt Forte,RB,CHI
26748,Johnathan Franklin,RB,GNB
24026,Toby Gerhart,RB,JAC
9375,Mike Goodson,RB,NYJ
27310,Ray Graham,RB,HOU
26273,Jonas Gray,RB,NWE
9039,BenJarvus Green-Ellis,RB,CIN
26488,Jonathan Grimes,RB,HOU
25117,DuJuan Harris,RB,GNB
24892,Roy Helu Jr.,RB,WAS
26925,Michael Hill,RB,GNB
25777,Ronnie Hillman,RB,DEN
24902,Kendall Hunter,RB,SFO
24815,Mark Ingram,RB,NOR
24400,Chris Ivory,RB,NYJ
6783,Steven Jackson,RB,ATL
26812,Mike James,RB,TAM
26601,Austin Johnson,RB,NOR
27311,Dennis Johnson,RB,HOU
25706,Will Johnson,RB,PIT
26753,Kyle Juszczyk,RB,BAL
26684,Eddie Lacy,RB,GNB
24844,Mikel Leshoure,RB,DET
27249,Ina Liaina,RB,GNB
24229,Erik Lorig,RB,NOR
27250,Cameron Marshall,RB,MIA
23987,Ryan Mathews,RB,SDG
9317,LeSean McCoy,RB,PHI
24087,Joe McKnight,RB,KAN
24998,Bruce Miller,RB,SFO
27189,Steven Miller,RB,DET
9276,Knowshon Moreno,RB,MIA
24858,DeMarco Murray,RB,DAL
9475,Chris Ogbonnaya,RB,CLE
27431,Toben Opurum,RB,HOU
25760,Isaiah Pead,RB,STL
8261,Adrian Peterson,RB,MIN
26006,Chris Polk,RB,PHI
24913,Bilal Powell,RB,NYJ
26455,Bobby Rainey,RB,TAM
27132,Bradley Randle,RB,MIN
9158,Marcel Reece,RB,OAK
8832,Ray Rice,RB,BAL
25713,Trent Richardson,RB,IND
24860,Stevan Ridley,RB,NWE
24932,Jacquizz Rodgers,RB,ATL
24964,Evan Royster,RB,WAS
9671,Kory Sheets,RB,OAK
9707,Antone Smith,RB,ATL
27500,Orwin Smith,RB,GNB
23984,C.J. Spiller,RB,BUF
26783,Zac Stacy,RB,STL
26007,Jeremy Stewart,RB,OAK
9433,Frank Summers,RB,BUF
24033,Ben Tate,RB,CLE
25694,Marcus Thigpen,RB,MIA
8561,Pierre Thomas,RB,NOR
24970,Jordan Todman,RB,JAC
27057,Matthew Tucker,RB,PHI
25816,Robert Turbin,RB,SEA
24843,Shane Vereen,RB,NWE
7866,Leon Washington,RB,TEN
7776,DeAngelo Williams,RB,CAR
26853,Kerwynn Williams,RB,SDG
25742,David Wilson,RB,NYG
27313,Cierre Wood,RB,BAL
9666,Darrel Young,RB,WAS
25012,Anthony Allen,RB,BUF
25238,Matt Asiata,RB,MIN
26681,Montee Ball,RB,DEN
26079,Joe Banyard,RB,MIN
8739,Jackie Battle,RB,TEN
26671,Le'Veon Bell,RB,PIT
24318,LeGarrette Blount,RB,PIT
26389,Brandon Bolden,RB,NWE
8504,Ahmad Bradshaw,RB,IND
9291,Donald Brown,RB,SDG
7751,Reggie Bush,RB,DET
24906,Delone Carter,RB,JAC
25007,Shaun Chapas,RB,JAC
25826,Orson Charles,RB,CIN
26299,Derrick Coleman,RB,SEA
24115,John Conner,RB,NYG
26876,Michael Cox,RB,NYG
26719,Knile Davis,RB,KAN
26591,Jeff Demps,RB,TAM
25158,Patrick DiMarco,RB,ATL
26064,Lance Dunbar,RB,DAL
26810,Andre Ellington,RB,ARI
8912,Jerome Felton,RB,MIN
26937,Michael Ford,RB,CHI
9527,Arian Foster,RB,HOU
27002,Kendall Gaskins,RB,NYG
26787,Mike Gillislee,RB,MIA
7241,Frank Gore,RB,SFO
25892,Cyrus Gray,RB,KAN
24883,Alex Green,RB,NYJ
9329,Shonn Greene,RB,TEN
26255,Jewel Hampton,RB,SFO
25027,Stanley Havili,RB,IND
25901,Daniel Herron,RB,IND
9004,Peyton Hillis,RB,NYG
25077,Robert Hughes,RB,ARI
25505,Henry Hynoski,RB,NYG
27504,Carlin Isles,RB,DET
8063,Fred Jackson,RB,BUF
25771,LaMichael James,RB,SFO
9514,Rashad Jennings,RB,NYG
8801,Chris Johnson,RB,TEN
9409,Quinn Johnson,RB,TEN
7809,Maurice Jones-Drew,RB,OAK
25303,Eric Kettani,RB,KAN
26754,Marcus Lattimore,RB,SFO
24936,Dion Lewis,RB,CLE
27135,Zach Line,RB,MIN
8266,Marshawn Lynch,RB,SEA
25741,Doug Martin,RB,TAM
27052,Miguel Maysonet,RB,PIT
8781,Darren McFadden,RB,OAK
26685,Christine Michael,RB,SEA
25807,Lamar Miller,RB,MIA
26233,Collin Mooney,RB,TEN
25883,Alfred Morris,RB,WAS
26804,Latavius Murray,RB,OAK
26535,Jamize Olawale,RB,OAK
8040,Montell Owens,RB,DET
9449,Cedric Peerman,RB,CIN
25794,Bernard Pierce,RB,BAL
26103,Tauren Poole,RB,PIT
26973,Lonnie Pryor,RB,TAM
25869,Chris Rainey,RB,IND
26774,Joseph Randle,RB,DAL
25650,Chase Reynolds,RB,STL
25962,Daryl Richardson,RB,STL
26822,Theo Riddick,RB,DET
27378,Khiry Robinson,RB,NOR
25821,Evan Rodriguez,RB,BUF
27423,Jason Schepler,RB,TEN
24923,Anthony Sherman,RB,KAN
25922,Michael Smith,RB,TAM
25175,Chad Spann,RB,HOU
7306,Darren Sproles,RB,PHI
24169,James Starks,RB,GNB
8790,Jonathan Stewart,RB,CAR
9563,Will Ta'ufo'ou,RB,JAC
26763,Stepfan Taylor,RB,ARI
24849,Daniel Thomas,RB,MIA
26777,Chris Thompson,RB,WAS
9043,Mike Tolbert,RB,CAR
24735,Will Tukuafu,RB,SFO
9639,Josh Vaughan,RB,ATL
26817,Spencer Ware,RB,SEA
26596,Fozzy Whittaker,RB,CLE
27133,Jerodis Williams,RB,DEN
24825,Ryan Williams,RB,ARI
27039,Ronnie Wingo,RB,BUF
9560,Danny Woodhead,RB,SDG
27102,Michael Zordich,RB,CAR
25774,Dwayne Allen,TE,IND
25028,David Ausberry,TE,OAK
26013,Brandon Barden,TE,JAC
9364,Travis Beckum,TE,SEA
26538,Brandon Bostick,TE,GNB
26016,Beau Brinkley,TE,TEN
24431,Richie Brockel,TE,CAR
24889,Jordan Cameron,TE,CLE
26416,Derek Carrier,TE,SFO
24473,Mike Caussin,TE,BUF
26253,Garrett Celek,TE,SFO
24961,Charles Clay,TE,MIA
9613,Tom Crabtree,TE,TAM
26877,Justice Cunningham,TE,STL
7755,Vernon Davis,TE,SFO
27299,Jack Doyle,TE,IND
7374,Joel Dreessen,TE,DEN
26644,Tyler Eifert,TE,CIN
26658,Zach Ertz,TE,PHI
7802,Anthony Fasano,TE,KAN
8028,Daniel Fells,TE,NYG
25744,Coby Fleener,TE,IND
27261,Matt Furstenburg,TE,BAL
3950,Tony Gonzalez,TE,ATL
26845,Chris Gragg,TE,BUF
24070,Jimmy Graham,TE,NOR
25820,Ladarius Green,TE,SDG
23996,Jermaine Gresham,TE,CIN
24017,Rob Gronkowski,TE,NWE
24100,Clay Harbor,TE,JAC
26347,Cory Harkey,TE,STL
27174,Demetrius Harris,TE,KAN
26518,Cooper Helfet,TE,SEA
24108,Michael Hoomanawanui,TE,NWE
26002,Emil Igwenagu,TE,PHI
9505,David Johnson,TE,SDG
26686,Travis Kelce,TE,KAN
24220,Jameson Konz,TE,DEN
27065,Brian Leonhardt,TE,OAK
24453,Steve Maneri,TE,TAM
27214,Kevin McDermott,TE,SFO
25992,Sean McGrath,TE,KAN
7206,Heath Miller,TE,PIT
8292,Zach Miller,TE,SEA
26955,Keavon Milton,TE,CLE
9512,Cameron Morrah,TE,DEN
25291,Kyle Nelson,TE,WAS
26332,Danny Noble,TE,JAC
8285,Greg Olsen,TE,CAR
26971,Ryan Otten,TE,SDG
24271,Michael Palmer,TE,PIT
24942,Niles Paul,TE,WAS
25950,David Paulson,TE,PIT
9472,John Phillips,TE,SDG
9702,Zach Potter,TE,HOU
26708,Jordan Reed,TE,WAS
25837,Adrien Robinson,TE,NYG
24830,Kyle Rudolph,TE,MIN
25370,Patrick Scales,TE,TAM
24190,Mickey Shuler,TE,ATL
25957,Brad Smelley,TE,HOU
24946,Lee Smith,TE,BUF
8862,Craig Stevens,TE,TEN
27359,Jake Stoneburner,TE,GNB
26497,Phillip Supernaw,TE,HOU
8916,Jacob Tamme,TE,DEN
24916,Julius Thomas,TE,DEN
26756,Levine Toilolo,TE,ATL
7924,Delanie Walker,TE,TEN
25050,Martell Webb,TE,IND
27103,Brandon Williams,TE,CAR
26834,Michael Williams,TE,DET
6405,Jason Witten,TE,DAL
27134,Colin Anderson,TE,NYJ
24550,Jake Ballard,TE,ARI
8907,Gary Barnidge,TE,CLE
8838,Martellus Bennett,TE,CHI
25331,Brett Brackett,TE,ARI
9699,Kevin Brock,TE,CIN
26021,Jake Byrne,TE,SDG
8815,John Carlson,TE,ARI
9416,James Casey,TE,PHI
8416,Brent Celek,TE,PHI
8383,Scott Chandler,TE,BUF
9353,Jared Cook,TE,STL
24303,Jeff Cumberland,TE,NYJ
26239,Bryce Davis,TE,PIT
25703,Larry Donnell,TE,NYG
24208,Jim Dray,TE,CLE
25788,Michael Egnew,TE,MIA
25838,Rhett Ellison,TE,MIN
26670,Gavin Escobar,TE,DAL
27187,Joseph Fauria,TE,DET
26612,Darren Fells,TE,ARI
26000,Chase Ford,TE,MIN
6663,Antonio Gates,TE,SDG
24968,Richard Gordon,TE,KAN
24093,Garrett Graham,TE,HOU
27213,MarQueis Gray,TE,CLE
24991,Virgil Green,TE,DEN
26824,Ryan Griffin,TE,HOU
25896,James Hanna,TE,DAL
25708,Andre Hardy,TE,ARI
8497,Clark Harris,TE,CIN
27491,Brandon Hartson,TE,CHI
26950,Josh Hill,TE,NOR
24856,Rob Housler,TE,ARI
26842,D.C. Jefferson,TE,CAR
26795,Nick Kasa,TE,OAK
24834,Lance Kendricks,TE,STL
5381,Mike Leach,TE,ARI
7777,Marcedes Lewis,TE,JAC
24161,Anthony McCoy,TE,SEA
26678,Vance McDonald,TE,SFO
25566,Mike McNeill,TE,CAR
25125,Kyle Miller,TE,MIA
9444,Zach Miller,TE,CHI
24068,Tony Moeaki,TE,BUF
9466,Brandon Myers,TE,TAM
26174,Adam Nissley,TE,ATL
27207,Emmanuel Ogbuehi,TE,MIA
24146,Fendi Onobun,TE,CHI
24370,Nathan Overbay,TE,BAL
26991,Chris Pantale,TE,NYJ
24608,Logan Paulsen,TE,WAS
9284,Brandon Pettigrew,TE,DET
24089,Dennis Pitta,TE,BAL
24130,Andrew Quarless,TE,GNB
26807,Mychal Rivera,TE,OAK
8409,Dante Rosario,TE,CHI
25056,Weslye Saunders,TE,IND
27455,Adam Schiltz,TE,TEN
26729,Dion Sims,TE,MIA
25084,Andre Smith,TE,CLE
8331,Matt Spaeth,TE,PIT
24891,Luke Stocker,TE,TAM
27234,Zach Sudfeld,TE,NYJ
26076,Andrew Szczerba,TE,ATL
25005,Ryan Taylor,TE,GNB
25855,Taylor Thompson,TE,TEN
26095,Matt Veldman,TE,DET
6791,Benjamin Watson,TE,NOR
25123,Raymond Webber,TE,GNB
24928,D.J. Williams,TE,NWE
26781,Luke Willson,TE,SEA
27050,Tim Wright,TE,TAM
25146,Kris Adams,WR,NYG
24435,Seyi Ajirotutu,WR,SDG
9037,Danny Amendola,WR,NWE
8810,Donnie Avery,WR,KAN
25105,Doug Baldwin,WR,SEA
9349,Ramses Barden,WR,BUF
26060,Cole Beasley,WR,DAL
26061,Tim Benford,WR,DAL
24014,Arrelious Benn,WR,PHI
25107,Armon Binns,WR,MIA
6390,Anquan Boldin,WR,SFO
8277,Dwayne Bowe,WR,KAN
26083,Jarrett Boykin,WR,GNB
24171,Antonio Brown,WR,PIT
26809,Justin Brown,WR,PIT
26335,Mike Brown,WR,JAC
25764,Ryan Broyles,WR,DET
26552,Lamont Bryant,WR,TEN
27241,Chad Bumphis,WR,JAC
26832,Brice Butler,WR,OAK
8874,Andre Caldwell,WR,DEN
26418,Brandon Carswell,WR,SFO
25941,Toney Clemons,WR,CAR
24851,Randall Cobb,WR,GNB
8001,Marques Colston,WR,NOR
24135,Riley Cooper,WR,PHI
9274,Michael Crabtree,WR,SFO
27149,Dominique Croom,WR,ATL
24553,Victor Cruz,WR,NYG
26620,Sederrik Cunningham,WR,GNB
27204,Skye Dawson,WR,TAM
26682,Aaron Dobson,WR,NWE
24910,Tandon Doss,WR,JAC
27513,Weston Dressler,WR,KAN
24894,Kris Durham,WR,DET
25945,Jeremy Ebert,WR,JAC
26385,Patrick Edwards,WR,DET
6762,Larry Fitzgerald,WR,ARI
25723,Michael Floyd,WR,ARI
8982,Pierre Garcon,WR,WAS
24174,David Gettis,WR,WAS
27440,Alex Gillett,WR,GNB
26033,Chris Givens,WR,NOR
25970,Brittan Golden,WR,ARI
26561,Josh Gordon,WR,CLE
24791,A.J. Green,WR,CIN
25464,Tori Gurley,WR,CLE
26820,Cobi Hamilton,WR,CIN
24866,Leonard Hankerson,WR,WAS
24963,Dwayne Harris,WR,DAL
26938,Mark Harrison,WR,NWE
9286,Percy Harvin,WR,SEA
27437,Charles Hawkins,WR,NOR
7806,Devin Hester,WR,ATL
25802,T.Y. Hilton,WR,IND
25178,Chris Hogan,WR,BUF
25234,Andre Holmes,WR,OAK
26657,Justin Hunter,WR,TEN
26292,Jerrell Jackson,WR,KAN
27284,Chuck Jacobs,WR,SFO
25740,A.J. Jenkins,WR,KAN
7801,Greg Jennings,WR,MIN
6339,Andre Johnson,WR,HOU
26839,Charles Johnson,WR,CLE
27024,Darius Johnson,WR,ATL
26293,Dwight Jones,WR,NYJ
8332,James Jones,WR,OAK
25876,Marvin Jones,WR,CIN
27003,Brandon Kaufman,WR,BUF
24940,Jeremy Kerley,WR,NYJ
24053,Brandon LaFell,WR,NWE
27316,Alec Lemon,WR,HOU
26282,Lance Lewis,WR,DAL
25106,Ricardo Lockette,WR,SEA
25526,Jeff Maehl,WR,PHI
24198,Marc Mariani,WR,TEN
25831,Keshawn Martin,WR,HOU
25937,Rishard Matthews,WR,MIA
25904,Marvin McNutt,WR,CAR
26614,Ifeanyi Momah,WR,PHI
26245,Kashif Moore,WR,PIT
25290,Joseph Morgan,WR,NOR
26289,Derek Moye,WR,PIT
9388,Louis Murphy Jr.,WR,TAM
8813,Jordy Nelson,WR,GNB
9293,Hakeem Nicks,WR,IND
27319,EZ Nwachukwu,WR,HOU
25677,Greg Orton,WR,NWE
26261,Chris Owusu,WR,TAM
26262,Nathan Palmer,WR,DEN
24373,Preston Parker,WR,NYG
26751,Quinton Patton,WR,SFO
24919,Kealoha Pilares,WR,CAR
25144,Michael Preston,WR,TEN
25743,Brian Quick,WR,STL
24132,David Reed,WR,SFO
27157,Cordell Roberson,WR,BUF
24965,Aldrick Robinson,WR,WAS
25984,Gerell Robinson,WR,DEN
25312,Jeremy Ross,WR,DET
8819,Eddie Royal,WR,SDG
26216,Jabin Sambrano,WR,JAC
27126,Lanear Sampson,WR,PIT
24057,Emmanuel Sanders,WR,DEN
25151,Dane Sanzenbacher,WR,CIN
27267,Gerrard Sheppard,WR,BAL
8823,Jerome Simpson,WR,MIN
7852,Brad Smith,WR,PHI
5521,Steve Smith,WR,BAL
26995,Ryan Spadola,WR,MIA
26428,Rod Streater,WR,OAK
25973,Chris Summers,WR,BUF
24701,Andy Tanner,WR,NOR
24035,Golden Tate,WR,DET
27277,Adam Thielen,WR,MIN
26891,Lamaar Thomas,WR,JAC
27235,Kenbrell Thompkins,WR,NWE
25530,Terrence Toliver,WR,CHI
9517,Tiquan Underwood,WR,CAR
27071,Conner Vernon,WR,CLE
24436,Bryan Walters,WR,SEA
5477,Reggie Wayne,WR,IND
8609,Eric Weems,WR,CHI
26218,Griff Whalen,WR,IND
26702,Markus Wheaton,WR,PIT
7203,Roddy White,WR,ATL
27502,Fred Williams,WR,KAN
24076,Mike Williams,WR,TAM
24289,Stephen Williams,WR,JAC
26697,Terrance Williams,WR,DAL
27511,Greg Wilson,WR,DEN
26664,Robert Woods,WR,BUF
25730,Kendall Wright,WR,TEN
25379,Kamar Aiken,WR,BAL
26699,Keenan Allen,WR,SDG
26631,Tavon Austin,WR,STL
26715,Stedman Bailey,WR,STL
24813,Jon Baldwin,WR,SFO
25988,Phil Bates,WR,SEA
26108,Josh Bellamy,WR,WAS
25810,Travis Benjamin,WR,CLE
26096,Brenton Bersin,WR,CAR
27195,Emory Blake,WR,STL
26818,Alan Bonner,WR,HOU
26725,Josh Boyce,WR,NWE
25916,LaVon Brazill,WR,IND
27074,Jaron Brown,WR,ARI
27422,Marlon Brown,WR,BAL
24869,Vincent Brown,WR,SDG
23999,Dez Bryant,WR,DAL
27075,Dan Buckner,WR,ARI
25023,Stephen Burton,WR,JAC
26135,LaRon Byrd,WR,ARI
25296,Michael Campbell,WR,NYJ
27453,Arceto Clark,WR,SEA
25862,Danny Coale,WR,PIT
27244,Jasper Collins,WR,PIT
26368,Josh Cooper,WR,CLE
6867,Jerricho Cotchery,WR,CAR
25878,Juron Criner,WR,OAK
27315,Andy Cruse,WR,HOU
25893,B.J. Cunningham,WR,PHI
25324,Drew Davis,WR,ATL
24062,Eric Decker,WR,NYJ
26847,Kevin Dorsey,WR,GNB
8861,Harry Douglas,WR,ATL
26905,Reggie Dunn,WR,NWE
24082,Marcus Easley,WR,BUF
9496,Julian Edelman,WR,NWE
26087,Kevin Elliott,WR,BUF
7149,Malcom Floyd,WR,SDG
26794,Corey Fuller,WR,DET
24898,Clyde Gates,WR,NYJ
9458,Brandon Gibson,WR,MIA
8263,Ted Ginn Jr.,WR,ARI
25806,Chris Givens,WR,STL
26701,Marquise Goodwin,WR,BUF
25779,T.J. Graham,WR,BUF
26099,Jared Green,WR,OAK
26066,Saalim Hakim,WR,NYJ
27173,Frankie Hammond Jr.,WR,KAN
26746,Chris Harper,WR,GNB
25493,Marcus Harris,WR,NYG
9372,Brian Hartline,WR,MIA
24774,Andrew Hawkins,WR,CLE
25948,Junior Hemingway,WR,KAN
25753,Stephen Hill,WR,NYJ
7879,Domenik Hixon,WR,CHI
24173,Trindon Holliday,WR,NYG
26650,DeAndre Hopkins,WR,HOU
25120,Dontrelle Inman,WR,SDG
7237,Vincent Jackson,WR,TAM
25755,Alshon Jeffery,WR,CHI
27405,Greg Jenkins,WR,OAK
24870,Jerrel Jernigan,WR,NYG
8256,Calvin Johnson,WR,DET
26004,Damaris Johnson,WR,PHI
9001,Stevie Johnson,WR,BUF
8327,Jacoby Jones,WR,BAL
24793,Julio Jones,WR,ATL
26304,Kamar Jorden,WR,MIN
25991,Jermaine Kearse,WR,SEA
26784,Tavarres King,WR,CAR
27084,Javone Lawson,WR,ARI
26940,Josh Lenz,WR,IND
24846,Greg Little,WR,CLE
9283,Jeremy Maclin,WR,PHI
8872,Mario Manningham,WR,NYG
7868,Brandon Marshall,WR,CHI
25594,Chris Matthews,WR,SEA
24011,Dexter McCluster,WR,TEN
26861,Aaron Mellette,WR,BAL
24935,Denarius Moore,WR,OAK
7544,Lance Moore,WR,PIT
5463,Santana Moss,WR,WAS
27379,Will Murphy,WR,PHI
24272,David Nelson,WR,NYJ
25127,Jamar Newsome,WR,DAL
9705,Jordan Norwood,WR,DEN
9534,Kevin Ogletree,WR,DET
6664,Kassim Osgood,WR,SFO
25987,Eric Page,WR,TAM
26972,Tobais Palmer,WR,SDG
26652,Cordarrelle Patterson,WR,MIN
24865,Austin Pettis,WR,STL
25778,DeVier Posey,WR,HOU
24065,Taylor Price,WR,SEA
25773,Rueben Randle,WR,NYG
27181,Rico Richardson,WR,HOU
24063,Andre Roberts,WR,WAS
26758,Denard Robinson,WR,JAC
27009,Da'Rick Rogers,WR,IND
27305,Rashad Ross,WR,KAN
24899,Greg Salas,WR,NYJ
25036,DeMarco Sampson,WR,SFO
26724,Ace Sanders,WR,JAC
25793,Mohamed Sanu,WR,CIN
27055,Russell Shepard,WR,TAM
24901,Cecil Shorts III,WR,JAC
8930,Matthew Slater,WR,NWE
27143,Rodney Smith,WR,MIN
24845,Torrey Smith,WR,BAL
26767,Kenny Stills,WR,NOR
25908,Tommy Streeter,WR,TAM
26403,Julian Talley,WR,NYG
9347,Brandon Tate,WR,CIN
25479,Kerry Taylor,WR,JAC
23997,Demaryius Thomas,WR,DEN
9371,Mike Thomas,WR,HOU
26456,Deonte Thompson,WR,BAL
25832,Nick Toon,WR,NOR
27441,Justin Veltung,WR,STL
9348,Mike Wallace,WR,MIA
7492,Nate Washington,WR,TEN
27386,R.J. Webb,WR,CAR
7027,Wes Welker,WR,DEN
24954,Ryan Whalen,WR,CIN
27361,Myles White,WR,GNB
9729,Chris Williams,WR,CHI
24696,Isaiah Williams,WR,TEN
27201,Nick Williams,WR,WAS
24746,Teddy Williams,WR,ARI
27193,Cody Wilson,WR,DET
26859,Marquess Wilson,WR,CHI
25828,Jarius Wright,WR,MIN
25817,Devon Wylie,WR,SFO
